<?xml version="1.0" encoding="UTF-8"?>
<beans xmlns="http://www.springframework.org/schema/beans"
	xmlns:xsi="http://www.w3.org/2001/XMLSchema-instance"
	xsi:schemaLocation="http://www.springframework.org/schema/beans http://www.springframework.org/schema/beans/spring-beans.xsd">
	
	<!-- Root Context: defines shared resources visible to all other web components -->
	
	
	
	<!--타일즈 관련 뷰 리졸버 - 1 -->
	<bean id="viewResolver" class="org.springframework.web.servlet.view.UrlBasedViewResolver">
      <property name="viewClass"
         value="org.springframework.web.servlet.view.tiles2.TilesView"></property>
      <property name="order" value="1" />
   </bean>
		
	<!-- Resolves views selected for rendering by @Controllers to .jsp resources in the /WEB-INF/views directory -->
	<bean class="org.springframework.web.servlet.view.InternalResourceViewResolver">
		<property name="prefix" value="/WEB-INF/views/" />
		<property name="suffix" value=".jsp" />
		<property name="order" value="2"></property>
	</bean>
		
	
	<bean id="tilesConfigurer" class="org.springframework.web.servlet.view.tiles2.TilesConfigurer">
      <property name="definitions">
         <list>
            <value>/WEB-INF/Tiles.xml</value>
         </list>
      </property>
   </bean>
		
</beans>
